method,label,ptbxl_n_seeds,ptbxl_auroc_mean,ptbxl_auroc_std,ptbxl_auprc_mean,ptbxl_auprc_std,ptbxl_best_f1_mean,ptbxl_best_f1_std,ptbxl_train_time_sec,ptbxl_epochs,ptbxl_throughput,ptbxl_prevalence,ptbxl_f1_trivial,cpsc2018_n_seeds,cpsc2018_auroc_mean,cpsc2018_auroc_std,cpsc2018_auprc_mean,cpsc2018_auprc_std,cpsc2018_best_f1_mean,cpsc2018_best_f1_std,cpsc2018_train_time_sec,cpsc2018_epochs,cpsc2018_throughput,cpsc2018_prevalence,cpsc2018_f1_trivial,param_count
ocsvm,OC-SVM,10,0.6457691808116119,0.008880468823763107,0.7410185900075984,0.010333034797849217,0.7408658822126795,0.007746212633121684,0.8022666692733764,,10140.024769445981,0.5883369598819772,0.7407783106664001,10,0.6524154240929154,0.02903380704486309,0.9275982392052103,0.012601268975482428,0.9316164221082112,0.008498985041207231,0.008134841918945312,,50051.037797283105,0.872093023255814,0.9316164270845044,0
isolation_forest,Isolation Forest,10,0.6227430061920202,0.009582642125885074,0.6827574565772044,0.009862635708214551,0.7417625752640453,0.008158673517681299,0.28286778926849365,,82626.72616351009,0.5883369598819772,0.7407783106664001,10,0.6740294117407185,0.022545697443929567,0.9209148471303121,0.009221580527274646,0.9316164221082112,0.008498985041207231,0.2701995372772217,,54395.28046474421,0.872093023255814,0.9316164270845044,0
ae,AE,10,0.573839705794444,0.01518981703047857,0.6683977745460883,0.014229308343473185,0.7408917965522952,0.007771982573365524,121.7285094499588,27.7,3557.6455449442656,0.5883369598819772,0.7407783106664001,10,0.6957739267661347,0.021748951768724416,0.9361699529263923,0.014308840164087233,0.9321142254760556,0.00793517118641233,18.15958230495453,42.2,3504.230665158382,0.872093023255814,0.9316164270845044,609612
vae,VAE,10,0.8291489518145966,0.008536110935723125,0.8833241742323535,0.00818968146285872,0.7953447183398338,0.00685161176481759,246.43762459754944,42.4,3317.412455507768,0.5883369598819772,0.7407783106664001,10,0.7297404455747909,0.1527464951940799,0.9334143758019261,0.0568139872701111,0.933343329571759,0.008903538287770303,30.949725246429445,54.3,3304.9006585281786,0.872093023255814,0.9316164270845044,31459148
lstm_ae,LSTM-AE,10,0.440438644307691,0.011325217457187807,0.5747595749271356,0.011988978180232647,0.7407783060026498,0.007750830546443648,502.48244087696077,90.0,2549.8823968776355,0.5883369598819772,0.7407783106664001,10,0.6334000068949935,0.024359996254492568,0.9162318152211718,0.01580538525953422,0.9316921249374582,0.008551752313907821,54.40270717144013,98.9,2550.616730893143,0.872093023255814,0.9316164270845044,411148
beatgan,BeatGAN,10,0.5681741785451961,0.015958283313307505,0.6657025967249706,0.014416971935462578,0.7408239872993285,0.007787285833794341,210.5800512313843,38.4,3586.4882796967104,0.5883369598819772,0.7407783106664001,10,0.7039683887488486,0.020630718295118592,0.9388153992630363,0.013078180301463873,0.9316647215711871,0.008552542258571242,52.71960134506226,96.7,3531.760338011656,0.872093023255814,0.9316164270845044,914093
dagmm,DAGMM,10,0.6164026000493255,0.056175463624949885,0.7172242779743234,0.060362640810444415,0.7410426044256343,0.007660775772291628,113.76116580963135,23.1,3291.053751066811,0.5883369598819772,0.7407783106664001,10,0.49799017574328247,0.05174575881150305,0.8709086163148216,0.031563303674128504,0.9316647086770417,0.008538826135712496,33.08958795070648,67.6,3220.017595243698,0.872093023255814,0.9316164270845044,1829892
usad,USAD,10,0.6966763796924086,0.01832045169570771,0.7760220460832696,0.015978719651885163,0.7443497068062847,0.008024363867919401,356.1167114973068,35.7,1693.6476272231728,0.5883369598819772,0.7407783106664001,10,0.7737961131479603,0.019304694649561346,0.955548303987718,0.010474684210170055,0.9324389371593382,0.0083031378061451,58.95325186252594,60.1,1711.5452863305322,0.872093023255814,0.9316164270845044,914040
deep_svdd,Deep SVDD,10,0.8767797988868965,0.004866251596810202,0.920186891362642,0.003533394023599477,0.8292648666955464,0.008122925322581822,58.47710084915161,31.6,6997.007719086306,0.5883369598819772,0.7407783106664001,10,0.8240223468319119,0.014634723177095297,0.9682825615434508,0.00395585879318202,0.9337778959053964,0.007405514144063691,14.627923369407654,79.0,7029.294784279974,0.872093023255814,0.9316164270845044,91552
thoc,THOC,10,0.658240332213621,0.037434018659359435,0.7487000950136462,0.02836075516721142,0.7424353893483719,0.0073179252402561686,193.31464500427245,82.7,5419.935000622136,0.5883369598819772,0.7407783106664001,10,0.6757127590646851,0.0384683865591552,0.9298015476951642,0.01502543067438922,0.932081385660612,0.008362669154663077,16.032981133461,69.8,5408.415311492567,0.872093023255814,0.9316164270845044,304012
tranad,TranAD,10,0.7520754086637791,0.02786360155320824,0.8156123379011426,0.016387801506513394,0.7601326861425342,0.013255633501656835,390.81604235172273,36.1,1968.3988829406237,0.5883369598819772,0.7407783106664001,10,0.7564995362062178,0.017725402595223223,0.9494285755022283,0.009807208314654512,0.9322334556479053,0.008418000716595087,107.42902414798736,99.5,1957.4204812849052,0.872093023255814,0.9316164270845044,4525400
anomaly_transformer,Anomaly Transformer,10,0.4836331929005069,0.1038329681651018,0.6292172198168166,0.08778339289889373,0.7409145659969009,0.007753766886831242,867.758540558815,97.2,1949.5146899586402,0.5883369598819772,0.7407783106664001,10,0.45858604408451276,0.03291451560514969,0.8645485657564365,0.015201954133770693,0.9316646161113393,0.008451468298806645,79.3700279712677,89.4,1949.1835795318177,0.872093023255814,0.9316164270845044,4613488
qts,QTS (ours),10,0.8621435197999789,0.008134409562551237,0.9049679554065321,0.008087707208550529,0.8224049455138138,0.007368670177365224,171.20273022651674,99.4,5942.923382206647,0.5883369598819772,0.7407783106664001,10,0.8399136779584419,0.010928407333521623,0.9711267334365805,0.0030077866069093363,0.9347409227013348,0.0069982340447851165,16.911431622505187,100.0,5895.911604081298,0.872093023255814,0.9316164270845044,119040
