method,dataset,seed,auroc,auprc,best_f1
ocsvm,ptbxl,0,0.6409857585685762,0.7313370657170392,0.7422995935690042
ocsvm,ptbxl,1,0.66043529753842,0.75143185273482,0.7303902200371979
ocsvm,ptbxl,2,0.6402403784682266,0.7474060976781146,0.7542486109215983
ocsvm,ptbxl,3,0.6370339669088388,0.7442015189513658,0.750707676005204
ocsvm,ptbxl,4,0.6509000762341473,0.7385578772856929,0.7412640778246966
ocsvm,ptbxl,5,0.6583118576402637,0.7609005797936936,0.7457104252442721
ocsvm,ptbxl,6,0.6349374153938925,0.731544482317031,0.7396313317444891
ocsvm,ptbxl,7,0.6388520435241122,0.7265617987880103,0.7342211881731108
ocsvm,ptbxl,8,0.6497535220986902,0.7385991760782136,0.7379494980212407
ocsvm,ptbxl,9,0.646241491740952,0.7396454507320023,0.73223620058598
ocsvm,cpsc2018,0,0.6891913277417313,0.9302062466878328,0.9261186214580935
ocsvm,cpsc2018,1,0.6782058814434584,0.9293821696887713,0.9238790356963339
ocsvm,cpsc2018,2,0.6257611241217799,0.9288529161336067,0.937178161858044
ocsvm,cpsc2018,3,0.6799647188533627,0.9346052718852919,0.9355337753199028
ocsvm,cpsc2018,4,0.6053560250746159,0.9258118323065265,0.9377251622865036
ocsvm,cpsc2018,5,0.6311046259015729,0.8937777142890131,0.9171038775107492
ocsvm,cpsc2018,6,0.6778684807256236,0.9288534106206913,0.9216300890745964
ocsvm,cpsc2018,7,0.6421855876571598,0.9354316336628548,0.9393627904962878
ocsvm,cpsc2018,8,0.6649385829713699,0.9401162540813609,0.9399075450950972
ocsvm,cpsc2018,9,0.6295778864384791,0.9289449426961558,0.9377251622865036
isolation_forest,ptbxl,0,0.618361286312531,0.6800355767274783,0.7420480946051398
isolation_forest,ptbxl,1,0.6257660179203082,0.6773384463559615,0.7303525657791485
isolation_forest,ptbxl,2,0.6109063369822864,0.6829910601516878,0.754460817616453
isolation_forest,ptbxl,3,0.6144186667854121,0.6898297223004797,0.7518939346979748
isolation_forest,ptbxl,4,0.6377387545127383,0.6956580739236777,0.7449664382261337
isolation_forest,ptbxl,5,0.634603398111916,0.7008402696682617,0.7486818933661225
isolation_forest,ptbxl,6,0.6095997753275008,0.6713963168898098,0.7394893407031226
isolation_forest,ptbxl,7,0.6247125870638788,0.6724068792600363,0.7343629297157497
isolation_forest,ptbxl,8,0.6295023290337243,0.6819585794102668,0.7382319126790077
isolation_forest,ptbxl,9,0.6218209098699055,0.6751196410843839,0.7331378252516011
isolation_forest,cpsc2018,0,0.688471277100807,0.9206023309085498,0.9261186214580935
isolation_forest,cpsc2018,1,0.6943241906057702,0.9245636055422615,0.9238790356963339
isolation_forest,cpsc2018,2,0.6826517744550531,0.9306103810497091,0.937178161858044
isolation_forest,cpsc2018,3,0.6750165380374862,0.9178193050795795,0.9355337753199028
isolation_forest,cpsc2018,4,0.6367718699821284,0.9172480661903522,0.9377251622865036
isolation_forest,cpsc2018,5,0.6744923674072358,0.8992188204269813,0.9171038775107492
isolation_forest,cpsc2018,6,0.7149659863945578,0.9284501995273636,0.9216300890745964
isolation_forest,cpsc2018,7,0.6537291844379334,0.9283771075354272,0.9393627904962878
isolation_forest,cpsc2018,8,0.6582784549997664,0.9262096492105883,0.9399075450950972
isolation_forest,cpsc2018,9,0.6615924739864467,0.9160490058323104,0.9377251622865036
ae,ptbxl,0,0.5625279824594438,0.6588147520025442,0.7417446030830498
ae,ptbxl,1,0.5883707113043245,0.666886968391843,0.7303525657791485
ae,ptbxl,2,0.5679970100223265,0.6811921158266218,0.7545367670300098
ae,ptbxl,3,0.5574669006561067,0.6588516685803866,0.750707676005204
ae,ptbxl,4,0.5721275790810458,0.6688728089283971,0.7412640778246966
ae,ptbxl,5,0.5866958767453329,0.6857640779604348,0.7458937151256971
ae,ptbxl,6,0.6006281800226663,0.6886560648009616,0.7397154893774953
ae,ptbxl,7,0.5506388948070564,0.6449529004153829,0.7345440448103511
ae,ptbxl,8,0.5749574897935802,0.67469530349556,0.7378083717063156
ae,ptbxl,9,0.5769864330525574,0.65529108505875,0.7323506547809846
ae,cpsc2018,0,0.6883842380123437,0.9243739543652609,0.9261186214580935
ae,cpsc2018,1,0.7021089087479515,0.9328055912018993,0.9238790356963339
ae,cpsc2018,2,0.6869753197622049,0.9424128887345647,0.937178161858044
ae,cpsc2018,3,0.7223373759647188,0.9507191139517923,0.9355337753199028
ae,cpsc2018,4,0.733913327466865,0.9541525721337184,0.9377251622865036
ae,cpsc2018,5,0.661812414911798,0.904929464426459,0.9202324303172391
ae,cpsc2018,6,0.6921164021164021,0.9283187638858901,0.9225130840344509
ae,cpsc2018,7,0.6781422690353447,0.9412853275554391,0.9393627904962878
ae,cpsc2018,8,0.6810237728270515,0.9407453693194022,0.9408740310071967
ae,cpsc2018,9,0.7109252388166668,0.9419564836894971,0.9377251622865036
vae,ptbxl,0,0.8198543942113732,0.8733194099662147,0.790960447051587
vae,ptbxl,1,0.8230938889558674,0.8750744444253076,0.7841819541712325
vae,ptbxl,2,0.8241019739753916,0.883651951000384,0.8028435969162024
vae,ptbxl,3,0.8267431509182411,0.88880362712844,0.7963133590900858
vae,ptbxl,4,0.8233375347663832,0.877987494032947,0.7900118856359225
vae,ptbxl,5,0.8434082885329599,0.8961727907983983,0.8073303565739934
vae,ptbxl,6,0.8333953172312941,0.8886034790194798,0.7951693059550002
vae,ptbxl,7,0.8329171525291194,0.8813703029009579,0.7955513438430432
vae,ptbxl,8,0.8426156264380399,0.8935843077980706,0.8005050455083678
vae,ptbxl,9,0.822022190587297,0.8746739352533364,0.7905798886529024
vae,cpsc2018,0,0.8148045576831777,0.9618026029118119,0.9282655196363641
vae,cpsc2018,1,0.8331349144995207,0.9690326152737009,0.9275515550409537
vae,cpsc2018,2,0.4925283732660781,0.8692448665488165,0.937178161858044
vae,cpsc2018,3,0.8239206174200661,0.967865089063749,0.937988530710644
vae,cpsc2018,4,0.8543785323547821,0.976071218126642,0.9417273623392377
vae,cpsc2018,5,0.5312219389971903,0.8426227228440952,0.9174986813179843
vae,cpsc2018,6,0.5061791383219955,0.8438561847680269,0.9216300890745964
vae,cpsc2018,7,0.8053814486518562,0.9664119179443719,0.940329213124799
vae,cpsc2018,8,0.8368782401569287,0.9718173465632003,0.9420889298645102
vae,cpsc2018,9,0.7989766943963131,0.9654191939748464,0.939175252750457
lstm_ae,ptbxl,0,0.4317908888161075,0.5729095529803574,0.7417446030830498
lstm_ae,ptbxl,1,0.45194643607133766,0.5728694946429246,0.7303525657791485
lstm_ae,ptbxl,2,0.4378338398591563,0.5920803244171746,0.7542486109215983
lstm_ae,ptbxl,3,0.4266579358310222,0.5704116538696994,0.750707676005204
lstm_ae,ptbxl,4,0.4429184940999332,0.5729381906046902,0.7412640778246966
lstm_ae,ptbxl,5,0.44048462805563116,0.5814821553003531,0.7457104252442721
lstm_ae,ptbxl,6,0.4630897366143477,0.5934249897105339,0.7394893407031226
lstm_ae,ptbxl,7,0.4254203998848439,0.5550228845742643,0.7342211881731108
lstm_ae,ptbxl,8,0.44212089346868544,0.5751546887334845,0.7378083717063156
lstm_ae,ptbxl,9,0.44212319037584513,0.5613018144378741,0.73223620058598
lstm_ae,cpsc2018,0,0.6322598512422852,0.9075006128310115,0.9261186214580935
lstm_ae,cpsc2018,1,0.6398388942144161,0.9137867551154224,0.9238790356963339
lstm_ae,cpsc2018,2,0.6378220140515223,0.9250216717028034,0.937178161858044
lstm_ae,cpsc2018,3,0.6437662624035281,0.9284294379991189,0.9359504082429959
lstm_ae,cpsc2018,4,0.6721793324926745,0.937322144659243,0.9379524252132525
lstm_ae,cpsc2018,5,0.5916707702111635,0.8785123547626086,0.9171038775107492
lstm_ae,cpsc2018,6,0.6573015873015873,0.9130270060560134,0.9216300890745964
lstm_ae,cpsc2018,7,0.5985331750917925,0.9158027029367699,0.9393627904962878
lstm_ae,cpsc2018,8,0.622577179954229,0.9195340686967413,0.9400206775377264
lstm_ae,cpsc2018,9,0.6380510019867369,0.9233813974519853,0.9377251622865036
beatgan,ptbxl,0,0.5532668106824239,0.6558750578873541,0.7417446030830498
beatgan,ptbxl,1,0.5628038166741919,0.6500248062327141,0.7303525657791485
beatgan,ptbxl,2,0.5617640868273779,0.6748469281188447,0.7543926614589869
beatgan,ptbxl,3,0.5666641547435954,0.6698610879871068,0.750707676005204
beatgan,ptbxl,4,0.6011581506850617,0.6909535192388334,0.7412640778246966
beatgan,ptbxl,5,0.5576448893861337,0.663429791250054,0.7459459412667044
beatgan,ptbxl,6,0.5930596399883379,0.6840064271068835,0.7394893407031226
beatgan,ptbxl,7,0.567897798212637,0.6612783250856326,0.7342603275266469
beatgan,ptbxl,8,0.5595865100188719,0.6613134766627489,0.7378083717063156
beatgan,ptbxl,9,0.5578959282333296,0.6454365476795342,0.7322743076394098
beatgan,cpsc2018,0,0.6951891122012976,0.9275443792460435,0.9261186214580935
beatgan,cpsc2018,1,0.7200593710380655,0.940856064614352,0.9238790356963339
beatgan,cpsc2018,2,0.6915871014231669,0.943678344510915,0.937178161858044
beatgan,cpsc2018,3,0.7311753031973538,0.9536258615095383,0.9355337753199028
beatgan,cpsc2018,4,0.7219021872250093,0.951775101759923,0.9377251622865036
beatgan,cpsc2018,5,0.6766648321408917,0.9083284579405564,0.9171038775107492
beatgan,cpsc2018,6,0.7193272864701437,0.9359163951142015,0.9216300890745964
beatgan,cpsc2018,7,0.6683325297630085,0.9383776223894331,0.9393627904962878
beatgan,cpsc2018,8,0.7078230815935733,0.9455830169635786,0.940390539724858
beatgan,cpsc2018,9,0.7076230824359754,0.9424687485818228,0.9377251622865036
dagmm,ptbxl,0,0.6729931274889411,0.7812853992911188,0.7430769183961902
dagmm,ptbxl,1,0.5974309392047519,0.6845272307075005,0.7310974353170967
dagmm,ptbxl,2,0.6080528753946475,0.7244851607617367,0.7542486109215983
dagmm,ptbxl,3,0.6384370281818739,0.7480795958596613,0.750849372433823
dagmm,ptbxl,4,0.6913866820275621,0.7935351515932323,0.7412640778246966
dagmm,ptbxl,5,0.5898672492479261,0.7003811181389662,0.7457104252442721
dagmm,ptbxl,6,0.6048268238761976,0.6962113414054691,0.7394893407031226
dagmm,ptbxl,7,0.6172881506070512,0.7085628022219219,0.7342211881731108
dagmm,ptbxl,8,0.48863709839340347,0.5808006451700525,0.7380906783351386
dagmm,ptbxl,9,0.6551060260709003,0.7543743345935747,0.7323779969072943
dagmm,cpsc2018,0,0.5083913593923088,0.8682187381140433,0.9261186214580935
dagmm,cpsc2018,1,0.4861312965768886,0.8415010627284479,0.9238790356963339
dagmm,cpsc2018,2,0.4501035849396505,0.8746929124902711,0.937178161858044
dagmm,cpsc2018,3,0.48270341786108045,0.8793278727844704,0.9355337753199028
dagmm,cpsc2018,4,0.5175041503751213,0.8886941506184975,0.9377251622865036
dagmm,cpsc2018,5,0.5092040089215886,0.849529279889337,0.9171038775107492
dagmm,cpsc2018,6,0.3938926681783824,0.8052033885806412,0.9216300890745964
dagmm,cpsc2018,7,0.4949235990060453,0.8876833507027279,0.9393627904962878
dagmm,cpsc2018,8,0.5653028816963243,0.9098351372375606,0.9399075450950972
dagmm,cpsc2018,9,0.5717447904854351,0.9044002700022188,0.9382080279748071
usad,ptbxl,0,0.6815985064356329,0.767479684648041,0.7445852015872642
usad,ptbxl,1,0.7230180849965684,0.7934917200315149,0.7397034549170068
usad,ptbxl,2,0.6877007661817789,0.7776276664825575,0.7558859926913729
usad,ptbxl,3,0.7052817749705134,0.7845564533607308,0.7584446142495237
usad,ptbxl,4,0.6907581780609151,0.7655510006822076,0.7427898716819955
usad,ptbxl,5,0.6779024330581674,0.7617327107384205,0.7475728108438164
usad,ptbxl,6,0.709050643905567,0.7822453455068521,0.7416425870386782
usad,ptbxl,7,0.682609446006077,0.7623827661218638,0.7362273653970218
usad,ptbxl,8,0.727728981316684,0.8072726012248719,0.7441253214996779
usad,ptbxl,9,0.681114981992182,0.757880512035636,0.7325198481564886
usad,cpsc2018,0,0.7589017249564805,0.9434738859316374,0.9261186214580935
usad,cpsc2018,1,0.8015244750919942,0.9602073628524402,0.9248434188278252
usad,cpsc2018,2,0.7636371824896416,0.9591329272344906,0.937178161858044
usad,cpsc2018,3,0.7906416758544652,0.9645336457411136,0.9369463212265378
usad,cpsc2018,4,0.7959648374776606,0.9675521233375532,0.9382080279748071
usad,cpsc2018,5,0.7497972366248588,0.9320041820129332,0.9187466758541655
usad,cpsc2018,6,0.7845804988662131,0.9541517418749229,0.9229946474224829
usad,cpsc2018,7,0.75054704595186,0.9583093739713936,0.9398457533728485
usad,cpsc2018,8,0.7602634160011209,0.9563575208373838,0.9417825813120757
usad,cpsc2018,9,0.7821030381653074,0.9597602760833105,0.9377251622865036
deep_svdd,ptbxl,0,0.8792230452599759,0.9204930687640799,0.8327420122337967
deep_svdd,ptbxl,1,0.8791876368627878,0.9182963190098173,0.8231292467051288
deep_svdd,ptbxl,2,0.8757943603513224,0.921606083505238,0.8371278408851048
deep_svdd,ptbxl,3,0.8774444151386752,0.925187108161585,0.833805715178336
deep_svdd,ptbxl,4,0.8785352397573435,0.9180362093342821,0.83152708860567
deep_svdd,ptbxl,5,0.8829226490878286,0.9271761310973149,0.8396516343446876
deep_svdd,ptbxl,6,0.8716810874883589,0.9168568635302875,0.8258227798132044
deep_svdd,ptbxl,7,0.8785324777572361,0.9194329839832956,0.8311156551877784
deep_svdd,ptbxl,8,0.8655747300502634,0.9167119289572374,0.8112149482755804
deep_svdd,ptbxl,9,0.8789023471151739,0.9180722172832818,0.8265117457261772
deep_svdd,cpsc2018,0,0.825724006963127,0.9666058446910786,0.9308707074194693
deep_svdd,cpsc2018,1,0.8421874516837254,0.9703777251379768,0.9274583507341654
deep_svdd,cpsc2018,2,0.821419564042515,0.9700695021341532,0.9389671311630365
deep_svdd,cpsc2018,3,0.816308710033076,0.9664009445850121,0.9355337753199028
deep_svdd,cpsc2018,4,0.8292222695974816,0.9735838385748686,0.9400206775400364
deep_svdd,cpsc2018,5,0.8336181675984127,0.962309836252369,0.9234042503437981
deep_svdd,cpsc2018,6,0.8425850340136053,0.9698012579425391,0.9216300890745964
deep_svdd,cpsc2018,7,0.8046211474984236,0.9690968356362,0.9399585871469938
deep_svdd,cpsc2018,8,0.8266218299005184,0.9726837765748733,0.9417273623371585
deep_svdd,cpsc2018,9,0.7979152869882338,0.9618960539054371,0.9382080279748071
thoc,ptbxl,0,0.6417465391142004,0.7422240438291628,0.7417446030830498
thoc,ptbxl,1,0.6922024359704758,0.7596049015553487,0.7363825316449844
thoc,ptbxl,2,0.6674369793357136,0.7730455243365377,0.7542486109215983
thoc,ptbxl,3,0.6928422371491347,0.7787593310337348,0.7535838774792447
thoc,ptbxl,4,0.5770740535844308,0.6845281249920128,0.7412640778246966
thoc,ptbxl,5,0.6869529970450179,0.7712143851742956,0.7481365194181674
thoc,ptbxl,6,0.6648350807435925,0.7380404371163828,0.7409135035762355
thoc,ptbxl,7,0.6926012216624782,0.768209655346355,0.7377532906146231
thoc,ptbxl,8,0.6295219913039829,0.7278124096784575,0.7380906783351386
thoc,ptbxl,9,0.6371897862271834,0.7435621370741736,0.73223620058598
thoc,cpsc2018,0,0.6376562747270138,0.9071793038016895,0.9266007238140274
thoc,cpsc2018,1,0.6811048579115,0.9205744046401816,0.9240439971210892
thoc,cpsc2018,2,0.6755989911727618,0.9346917544546841,0.9386281538635979
thoc,cpsc2018,3,0.7507828004410144,0.9547412820968086,0.9355337753199028
thoc,cpsc2018,4,0.7118505683519156,0.9492695255921353,0.9377251622865036
thoc,cpsc2018,5,0.6805245778176867,0.9183019423931402,0.9186905969304502
thoc,cpsc2018,6,0.6834013605442177,0.9188844879711109,0.9216300890745964
thoc,cpsc2018,7,0.6185235322478952,0.9278577531722233,0.9393627904962878
thoc,cpsc2018,8,0.6809490448834711,0.9413498088179486,0.940390539724858
thoc,cpsc2018,9,0.6367355825493736,0.9251652140117207,0.9382080279748071
tranad,ptbxl,0,0.7844282677141093,0.8330651040835281,0.7786366781041948
tranad,ptbxl,1,0.7872375130312679,0.8256988969438821,0.7705992460234794
tranad,ptbxl,2,0.7510835718430655,0.829621662640404,0.7697464858253806
tranad,ptbxl,3,0.7767242924654867,0.8344116487373712,0.7732640479233331
tranad,ptbxl,4,0.7324698532920414,0.7992233113873497,0.7579787185017347
tranad,ptbxl,5,0.7496971711670886,0.8183359871639919,0.7560918957253814
tranad,ptbxl,6,0.7067706312639128,0.7880055051274604,0.7411837444380208
tranad,ptbxl,7,0.7552463599452321,0.8135515902541899,0.7558367832745051
tranad,ptbxl,8,0.71327759079715,0.7954029168814842,0.7385542121212731
tranad,ptbxl,9,0.763818835118438,0.8188067557917638,0.7594350494880384
tranad,cpsc2018,0,0.7480614021205887,0.9341511838439581,0.9264705832565012
tranad,cpsc2018,1,0.7693033179752002,0.9514887842027961,0.9243609757276152
tranad,cpsc2018,2,0.7475589983786706,0.9513124903268854,0.937178161858044
tranad,cpsc2018,3,0.7863020948180817,0.9616245846778816,0.9359708435319103
tranad,cpsc2018,4,0.7731037548421044,0.9616425427411849,0.9391124821180167
tranad,cpsc2018,5,0.7382614488891464,0.9333285990576061,0.917647053844811
tranad,cpsc2018,6,0.7704913076341648,0.9512048459030088,0.9231590131602369
tranad,cpsc2018,7,0.7316971405259058,0.9490178364502453,0.9393627904962878
tranad,cpsc2018,8,0.7579655317360235,0.955852484467036,0.9409921621116785
tranad,cpsc2018,9,0.742250365142292,0.9446624033516808,0.9380804903739506
anomaly_transformer,ptbxl,0,0.5308989116653905,0.6580346778709749,0.7428243351679964
anomaly_transformer,ptbxl,1,0.5961581497530066,0.7291719303550273,0.7303525657791485
anomaly_transformer,ptbxl,2,0.458736734432937,0.6146171299977714,0.7542486109215983
anomaly_transformer,ptbxl,3,0.49231370569928706,0.6535047541969873,0.750707676005204
anomaly_transformer,ptbxl,4,0.5016161258985078,0.6308561250883513,0.7412640778246966
anomaly_transformer,ptbxl,5,0.5553582866905061,0.6866332646832546,0.7457104252442721
anomaly_transformer,ptbxl,6,0.3356554338069363,0.5120176307359408,0.7394893407031226
anomaly_transformer,ptbxl,7,0.4159744319895657,0.5422077410901966,0.7343629297157497
anomaly_transformer,ptbxl,8,0.6318797621924037,0.7612128108517954,0.7379494980212407
anomaly_transformer,ptbxl,9,0.31774038687652784,0.5039161332978659,0.73223620058598
anomaly_transformer,cpsc2018,0,0.4737221079284697,0.8614734100106856,0.9261186214580935
anomaly_transformer,cpsc2018,1,0.505496459383407,0.8647702954780851,0.9243609757276152
anomaly_transformer,cpsc2018,2,0.404404611781661,0.8589335766482784,0.937178161858044
anomaly_transformer,cpsc2018,3,0.4993340683572216,0.8800386072743913,0.9355337753199028
anomaly_transformer,cpsc2018,4,0.4392230860647186,0.8624919927112293,0.9377251622865036
anomaly_transformer,cpsc2018,5,0.47971280016221074,0.8466419655292471,0.9171038775107492
anomaly_transformer,cpsc2018,6,0.4360393046107332,0.8357138083823081,0.9216300890745964
anomaly_transformer,cpsc2018,7,0.4218048807625264,0.8727895049237071,0.9393627904962878
anomaly_transformer,cpsc2018,8,0.46205221615057684,0.8788285829343138,0.9399075450950972
anomaly_transformer,cpsc2018,9,0.4640709056436029,0.8838039136721195,0.9377251622865036
qts,ptbxl,0,0.8459894882952012,0.8935800916260693,0.8150147153248979
qts,ptbxl,1,0.8586289648346852,0.8984608882216256,0.8136535980536357
qts,ptbxl,2,0.8684996016641585,0.9140800837213823,0.8327468868871468
qts,ptbxl,3,0.8655441795887983,0.9132383469902863,0.826613895570177
qts,ptbxl,4,0.8611337025271334,0.902708033639773,0.8215324877427266
qts,ptbxl,5,0.8773031651787218,0.9182294596820573,0.8361774694190013
qts,ptbxl,6,0.8589567880403217,0.9012354946800414,0.8199472498841972
qts,ptbxl,7,0.864970710798632,0.9037049101818563,0.821410185429401
qts,ptbxl,8,0.86282579341987,0.9074005038112314,0.8199704819781609
qts,ptbxl,9,0.8575828036522661,0.8970417415109984,0.8169824848487941
qts,cpsc2018,0,0.8279553726855515,0.9669038798935524,0.9294736792304711
qts,cpsc2018,1,0.8598286898172485,0.973148824862023,0.9284561542363411
qts,cpsc2018,2,0.834507295982706,0.9718560797675474,0.9385012870073247
qts,cpsc2018,3,0.841614112458655,0.9728261076345901,0.9386694336857823
qts,cpsc2018,4,0.8403987988859758,0.9745288825356763,0.940620068577109
qts,cpsc2018,5,0.8451394722359007,0.9672361047808169,0.9247999950229391
qts,cpsc2018,6,0.8499319727891156,0.9707909303492688,0.9249343782294915
qts,cpsc2018,7,0.8242220821125246,0.9717270190072477,0.9393627904962878
qts,cpsc2018,8,0.8455093176404651,0.9749257482808797,0.9431818131968072
qts,cpsc2018,9,0.8300296649762771,0.9673237572542034,0.9394096273307943
