dataset,method,mean_rank,times_first,n_seeds
cpsc2018,qts,1.1,9,10
cpsc2018,deep_svdd,2.5,0,10
cpsc2018,usad,3.7,0,10
cpsc2018,tranad,4.7,0,10
cpsc2018,vae,4.8,1,10
cpsc2018,beatgan,6.2,0,10
cpsc2018,ae,7.0,0,10
cpsc2018,isolation_forest,8.2,0,10
cpsc2018,thoc,8.2,0,10
cpsc2018,ocsvm,9.4,0,10
cpsc2018,lstm_ae,10.2,0,10
cpsc2018,dagmm,12.3,0,10
cpsc2018,anomaly_transformer,12.7,0,10
ptbxl,deep_svdd,1.0,10,10
ptbxl,qts,2.0,0,10
ptbxl,vae,3.0,0,10
ptbxl,tranad,4.2,0,10
ptbxl,usad,5.1,0,10
ptbxl,thoc,6.7,0,10
ptbxl,ocsvm,7.1,0,10
ptbxl,dagmm,8.1,0,10
ptbxl,isolation_forest,8.4,0,10
ptbxl,ae,10.4,0,10
ptbxl,beatgan,10.7,0,10
ptbxl,anomaly_transformer,11.6,0,10
ptbxl,lstm_ae,12.7,0,10
