n,mean_diff,wins,ties,losses,ci95_low,ci95_high,p_wilcoxon_two_sided,p_wilcoxon_greater,dataset,metric,baseline,p_holm_two_sided
10,0.21637433898836686,10,0,0,0.20889990393023344,0.22384877404650028,0.001953125,0.0009765625,ptbxl,auroc,ocsvm,0.0234375
10,0.23940051360795872,10,0,0,0.23161191693050753,0.2471891102854099,0.001953125,0.0009765625,ptbxl,auroc,isolation_forest,0.0234375
10,0.2883038140055348,10,0,0,0.276309275108632,0.30029835290243756,0.001953125,0.0009765625,ptbxl,auroc,ae,0.0234375
10,0.032994567985382126,10,0,0,0.02784003019900445,0.0381491057717598,0.001953125,0.0009765625,ptbxl,auroc,vae,0.0234375
10,0.4217048754922878,10,0,0,0.4112450829963208,0.4321646679882548,0.001953125,0.0009765625,ptbxl,auroc,lstm_ae,0.0234375
10,0.2939693412547828,10,0,0,0.28107550960125854,0.30686317290830706,0.001953125,0.0009765625,ptbxl,auroc,beatgan,0.0234375
10,0.24574091975065326,10,0,0,0.20305031226460518,0.28843152723670135,0.001953125,0.0009765625,ptbxl,auroc,dagmm,0.0234375
10,0.1654671401075702,10,0,0,0.15057348240578022,0.18036079780936015,0.001953125,0.0009765625,ptbxl,auroc,usad,0.0234375
10,-0.014636279086917758,0,0,10,-0.02104373586931537,-0.008228822304520145,0.001953125,1.0,ptbxl,auroc,deep_svdd,0.0234375
10,0.20390318758635778,10,0,0,0.17864377569702247,0.2291625994756931,0.001953125,0.0009765625,ptbxl,auroc,thoc,0.0234375
10,0.11006811113619959,10,0,0,0.08794697091319391,0.13218925135920526,0.001953125,0.0009765625,ptbxl,auroc,tranad,0.0234375
10,0.37851032689947195,10,0,0,0.3047101363585868,0.4523105174403571,0.001953125,0.0009765625,ptbxl,auroc,anomaly_transformer,0.0234375
10,0.1639493653989338,10,0,0,0.15791736148095548,0.1699813693169121,0.001953125,0.0009765625,ptbxl,auprc,ocsvm,0.0234375
10,0.22221049882932778,10,0,0,0.2165629581200759,0.22785803953857967,0.001953125,0.0009765625,ptbxl,auprc,isolation_forest,0.0234375
10,0.2365701808604439,10,0,0,0.2273568431076711,0.2457835186132167,0.001953125,0.0009765625,ptbxl,auprc,ae,0.0234375
10,0.021643781174178513,10,0,0,0.017926483490094843,0.025361078858262182,0.001953125,0.0009765625,ptbxl,auprc,vae,0.0234375
10,0.33020838047939655,10,0,0,0.32174574338623885,0.33867101757255424,0.001953125,0.0009765625,ptbxl,auprc,lstm_ae,0.0234375
10,0.23926535868156149,10,0,0,0.22915991710815434,0.24937080025496863,0.001953125,0.0009765625,ptbxl,auprc,beatgan,0.0234375
10,0.1877436774322087,10,0,0,0.1427286496213693,0.23275870524304812,0.001953125,0.0009765625,ptbxl,auprc,dagmm,0.0234375
10,0.1289459093232625,10,0,0,0.11666390666333191,0.14122791198319307,0.001953125,0.0009765625,ptbxl,auprc,usad,0.0234375
10,-0.015218935956109837,0,0,10,-0.019592342440417444,-0.010845529471802229,0.001953125,1.0,ptbxl,auprc,deep_svdd,0.0234375
10,0.15626786039288598,10,0,0,0.1378221959739117,0.17471352481186025,0.001953125,0.0009765625,ptbxl,auprc,thoc,0.0234375
10,0.08935561750538959,10,0,0,0.07682927021129328,0.1018819647994859,0.001953125,0.0009765625,ptbxl,auprc,tranad,0.0234375
10,0.2757507355897156,10,0,0,0.21424811157596524,0.3372533596034659,0.001953125,0.0009765625,ptbxl,auprc,anomaly_transformer,0.0234375
10,0.18749825386552663,10,0,0,0.1675797053389908,0.20741680239206245,0.001953125,0.0009765625,cpsc2018,auroc,ocsvm,0.0234375
10,0.16588426621772348,10,0,0,0.15122188273543302,0.18054664970001394,0.001953125,0.0009765625,cpsc2018,auroc,isolation_forest,0.0234375
10,0.14413975119230726,10,0,0,0.1272449948265837,0.16103450755803084,0.001953125,0.0009765625,cpsc2018,auroc,ae,0.0234375
10,0.1101732323836511,9,0,1,-0.00040955866608367864,0.2207560234333859,0.009765625,0.0048828125,cpsc2018,auroc,vae,0.0234375
10,0.20651367106344845,10,0,0,0.18934705805253638,0.22368028407436052,0.001953125,0.0009765625,cpsc2018,auroc,lstm_ae,0.0234375
10,0.13594528920959342,10,0,0,0.12355678582278548,0.14833379259640136,0.001953125,0.0009765625,cpsc2018,auroc,beatgan,0.0234375
10,0.3419235022151595,10,0,0,0.30203217996734594,0.38181482446297305,0.001953125,0.0009765625,cpsc2018,auroc,dagmm,0.0234375
10,0.06611756481048178,10,0,0,0.05443487064674641,0.07780025897421716,0.001953125,0.0009765625,cpsc2018,auroc,usad,0.0234375
10,0.015891331126530107,10,0,0,0.009644061809938386,0.02213860044312183,0.001953125,0.0009765625,cpsc2018,auroc,deep_svdd,0.0234375
10,0.164200918893757,10,0,0,0.14017935111079263,0.18822248667672134,0.001953125,0.0009765625,cpsc2018,auroc,thoc,0.0234375
10,0.08341414175222417,10,0,0,0.0732681051840692,0.09356017832037913,0.001953125,0.0009765625,cpsc2018,auroc,tranad,0.0234375
10,0.3813276338739292,10,0,0,0.36032304269839066,0.40233222504946775,0.001953125,0.0009765625,cpsc2018,auroc,anomaly_transformer,0.0234375
10,0.04352849423137008,10,0,0,0.03542366351257786,0.05163332495016229,0.001953125,0.0009765625,cpsc2018,auprc,ocsvm,0.0234375
10,0.05021188630626827,10,0,0,0.044367462968904536,0.05605630964363201,0.001953125,0.0009765625,cpsc2018,auprc,isolation_forest,0.0234375
10,0.03495678051018823,10,0,0,0.0259968213249027,0.043916739695473765,0.001953125,0.0009765625,cpsc2018,auprc,ae,0.0234375
10,0.03771235763465447,9,0,1,-0.0022305475552180654,0.077655262824527,0.00390625,0.001953125,cpsc2018,auprc,vae,0.0234375
10,0.0548949182154088,10,0,0,0.04477199745568944,0.06501783897512817,0.001953125,0.0009765625,cpsc2018,auprc,lstm_ae,0.0234375
10,0.032311334173544135,10,0,0,0.024368932532512537,0.04025373581457573,0.001953125,0.0009765625,cpsc2018,auprc,beatgan,0.0234375
10,0.10021811712175899,10,0,0,0.07795504201297097,0.122481192230547,0.001953125,0.0009765625,cpsc2018,auprc,dagmm,0.0234375
10,0.015578429448862664,10,0,0,0.009410577707850223,0.021746281189875104,0.001953125,0.0009765625,cpsc2018,auprc,usad,0.0234375
10,0.0028441718931297875,10,0,0,0.0013570588505608995,0.004331284935698676,0.001953125,0.0009765625,cpsc2018,auprc,deep_svdd,0.0234375
10,0.04132518574141628,10,0,0,0.032035646044390347,0.05061472543844222,0.001953125,0.0009765625,cpsc2018,auprc,thoc,0.0234375
10,0.021698157934352258,10,0,0,0.01650814186734225,0.026888174001362265,0.001953125,0.0009765625,cpsc2018,auprc,tranad,0.0234375
10,0.10657816768014403,10,0,0,0.09598555810298681,0.11717077725730124,0.001953125,0.0009765625,cpsc2018,auprc,anomaly_transformer,0.0234375
