dataset,subgroup,type,method,auroc_mean,auroc_std,n_group,n_seeds
cpsc2018,AF,rhythm,ae,0.7761880235569123,0.019760164087136836,180.3,10
cpsc2018,AF,rhythm,anomaly_transformer,0.4759927206487301,0.0378887537726711,180.3,10
cpsc2018,AF,rhythm,beatgan,0.7882851192205963,0.02635492239238052,180.3,10
cpsc2018,AF,rhythm,dagmm,0.47752885797123834,0.06925112768987293,180.3,10
cpsc2018,AF,rhythm,deep_svdd,0.8937822498731366,0.01969528746361993,180.3,10
cpsc2018,AF,rhythm,isolation_forest,0.7209394929948962,0.036388686140683024,180.3,10
cpsc2018,AF,rhythm,lstm_ae,0.6938879354804584,0.023728072013422054,180.3,10
cpsc2018,AF,rhythm,ocsvm,0.606475161085518,0.03197593337654968,180.3,10
cpsc2018,AF,rhythm,qts,0.892457229238755,0.016407981213769206,180.3,10
cpsc2018,AF,rhythm,thoc,0.7301183454761414,0.044060056157788276,180.3,10
cpsc2018,AF,rhythm,tranad,0.8058254059210123,0.027902946954348466,180.3,10
cpsc2018,AF,rhythm,usad,0.841221761948803,0.02420904456762996,180.3,10
cpsc2018,AF,rhythm,vae,0.7781339808312983,0.19449489500692682,180.3,10
cpsc2018,IAVB,rhythm,ae,0.6453538720678343,0.029259867835020163,110.9,10
cpsc2018,IAVB,rhythm,anomaly_transformer,0.45275569786856706,0.052568106739325,110.9,10
cpsc2018,IAVB,rhythm,beatgan,0.648984770154255,0.02764887280005675,110.9,10
cpsc2018,IAVB,rhythm,dagmm,0.5193424598353835,0.0478043861140048,110.9,10
cpsc2018,IAVB,rhythm,deep_svdd,0.7181147374843755,0.029898232074275086,110.9,10
cpsc2018,IAVB,rhythm,isolation_forest,0.6226737755593852,0.027102475402944613,110.9,10
cpsc2018,IAVB,rhythm,lstm_ae,0.6485438979783533,0.026713613682183692,110.9,10
cpsc2018,IAVB,rhythm,ocsvm,0.6396386632093605,0.03802739817345548,110.9,10
cpsc2018,IAVB,rhythm,qts,0.7875089897823422,0.016406740594119743,110.9,10
cpsc2018,IAVB,rhythm,thoc,0.6005932445449628,0.028868979349040858,110.9,10
cpsc2018,IAVB,rhythm,tranad,0.7051535547032732,0.025026635505526165,110.9,10
cpsc2018,IAVB,rhythm,usad,0.6808645307204,0.0256653182636377,110.9,10
cpsc2018,IAVB,rhythm,vae,0.6849931446901516,0.11888248451079397,110.9,10
cpsc2018,LBBB,morphological,ae,0.762549882016278,0.03170654577697098,33.1,10
cpsc2018,LBBB,morphological,anomaly_transformer,0.28847673497045834,0.08362318589131167,33.1,10
cpsc2018,LBBB,morphological,beatgan,0.7763589069347645,0.06132127302617416,33.1,10
cpsc2018,LBBB,morphological,dagmm,0.600958384871219,0.1121205617495459,33.1,10
cpsc2018,LBBB,morphological,deep_svdd,0.9931912425573941,0.005591267847613588,33.1,10
cpsc2018,LBBB,morphological,isolation_forest,0.8110621794616154,0.02554217570507229,33.1,10
cpsc2018,LBBB,morphological,lstm_ae,0.3978655441294732,0.05220752406780992,33.1,10
cpsc2018,LBBB,morphological,ocsvm,0.8293883930091621,0.02593610662374098,33.1,10
cpsc2018,LBBB,morphological,qts,0.9894778935646791,0.008701050691862075,33.1,10
cpsc2018,LBBB,morphological,thoc,0.9444155263038414,0.02597058018624425,33.1,10
cpsc2018,LBBB,morphological,tranad,0.9014922814254065,0.027816573715084482,33.1,10
cpsc2018,LBBB,morphological,usad,0.9209808265216305,0.02108691653904036,33.1,10
cpsc2018,LBBB,morphological,vae,0.8311948823789808,0.2146374013158103,33.1,10
cpsc2018,PAC,rhythm,ae,0.6888121201327061,0.048726238284340646,91.1,10
cpsc2018,PAC,rhythm,anomaly_transformer,0.4602714583451061,0.050408429238910174,91.1,10
cpsc2018,PAC,rhythm,beatgan,0.6974908564915052,0.041010238812597744,91.1,10
cpsc2018,PAC,rhythm,dagmm,0.49644313668451395,0.06398042943147277,91.1,10
cpsc2018,PAC,rhythm,deep_svdd,0.7212525921291068,0.03984913868412749,91.1,10
cpsc2018,PAC,rhythm,isolation_forest,0.6354748674179459,0.027098949230257168,91.1,10
cpsc2018,PAC,rhythm,lstm_ae,0.6591327486577796,0.04601688630557143,91.1,10
cpsc2018,PAC,rhythm,ocsvm,0.5712373252744539,0.04429010720684963,91.1,10
cpsc2018,PAC,rhythm,qts,0.7627299416527757,0.031914002236659696,91.1,10
cpsc2018,PAC,rhythm,thoc,0.5992063840699897,0.05236460872846187,91.1,10
cpsc2018,PAC,rhythm,tranad,0.7076618667235929,0.03495776046010798,91.1,10
cpsc2018,PAC,rhythm,usad,0.7196470245015826,0.046244551486237497,91.1,10
cpsc2018,PAC,rhythm,vae,0.686127917235695,0.1277770751913121,91.1,10
cpsc2018,PVC,rhythm,ae,0.5519263339637089,0.0365971857519594,104.9,10
cpsc2018,PVC,rhythm,anomaly_transformer,0.40042374198620206,0.03970034597327935,104.9,10
cpsc2018,PVC,rhythm,beatgan,0.5467055150671676,0.038574158351263176,104.9,10
cpsc2018,PVC,rhythm,dagmm,0.4649042033145137,0.09264750792855345,104.9,10
cpsc2018,PVC,rhythm,deep_svdd,0.8278123048827595,0.020972823468967047,104.9,10
cpsc2018,PVC,rhythm,isolation_forest,0.8093009758593345,0.033427032028104174,104.9,10
cpsc2018,PVC,rhythm,lstm_ae,0.5719785106772908,0.03583611951329674,104.9,10
cpsc2018,PVC,rhythm,ocsvm,0.7917264224714493,0.0303798183938638,104.9,10
cpsc2018,PVC,rhythm,qts,0.9086892677118354,0.011525743779788091,104.9,10
cpsc2018,PVC,rhythm,thoc,0.6684792318608119,0.0399450016992299,104.9,10
cpsc2018,PVC,rhythm,tranad,0.8857563165896405,0.010060615935221803,104.9,10
cpsc2018,PVC,rhythm,usad,0.7064291275172266,0.02743883074779093,104.9,10
cpsc2018,PVC,rhythm,vae,0.7621891218849584,0.18304922435621965,104.9,10
cpsc2018,RBBB,morphological,ae,0.7826054217965434,0.029238994165545193,282.5,10
cpsc2018,RBBB,morphological,anomaly_transformer,0.47583576927250115,0.04343698847560901,282.5,10
cpsc2018,RBBB,morphological,beatgan,0.7975650244803141,0.02625457273561654,282.5,10
cpsc2018,RBBB,morphological,dagmm,0.5138175005574912,0.06008043986889681,282.5,10
cpsc2018,RBBB,morphological,deep_svdd,0.9427717247078149,0.014854678539713667,282.5,10
cpsc2018,RBBB,morphological,isolation_forest,0.6902352386645955,0.030584518823607458,282.5,10
cpsc2018,RBBB,morphological,lstm_ae,0.661416895976388,0.034186407991999054,282.5,10
cpsc2018,RBBB,morphological,ocsvm,0.6869368525447362,0.02797927153044819,282.5,10
cpsc2018,RBBB,morphological,qts,0.9447510329180927,0.007384632880787719,282.5,10
cpsc2018,RBBB,morphological,thoc,0.7686134728772072,0.05349054547803781,282.5,10
cpsc2018,RBBB,morphological,tranad,0.784214562945577,0.018339567172389427,282.5,10
cpsc2018,RBBB,morphological,usad,0.9086526779564916,0.017398280711465586,282.5,10
cpsc2018,RBBB,morphological,vae,0.7773733475139268,0.1915932583024603,282.5,10
cpsc2018,STD,morphological,ae,0.6478754748612842,0.03942524422308476,131.6,10
cpsc2018,STD,morphological,anomaly_transformer,0.47791106337772193,0.043756313255553576,131.6,10
cpsc2018,STD,morphological,beatgan,0.6522047946183896,0.030128478669994043,131.6,10
cpsc2018,STD,morphological,dagmm,0.47180290668530767,0.06664940527148294,131.6,10
cpsc2018,STD,morphological,deep_svdd,0.6806416139023884,0.036752031935519826,131.6,10
cpsc2018,STD,morphological,isolation_forest,0.5595836769256729,0.02975404684165566,131.6,10
cpsc2018,STD,morphological,lstm_ae,0.6174176666918927,0.03142679025401468,131.6,10
cpsc2018,STD,morphological,ocsvm,0.5838436433536867,0.05107329216699497,131.6,10
cpsc2018,STD,morphological,qts,0.6543831951721462,0.026886333938419448,131.6,10
cpsc2018,STD,morphological,thoc,0.5537033807796328,0.04563862516641895,131.6,10
cpsc2018,STD,morphological,tranad,0.6432511852841643,0.026820609063373635,131.6,10
cpsc2018,STD,morphological,usad,0.644162628419247,0.03179488279161548,131.6,10
cpsc2018,STD,morphological,vae,0.6521545481821538,0.09631142910735488,131.6,10
cpsc2018,STE,morphological,ae,0.4970858836366062,0.03319190414132961,36.4,10
cpsc2018,STE,morphological,anomaly_transformer,0.44442821547175926,0.08399124086875365,36.4,10
cpsc2018,STE,morphological,beatgan,0.5095913842291396,0.03200421441616992,36.4,10
cpsc2018,STE,morphological,dagmm,0.49223959874290896,0.07024211429630961,36.4,10
cpsc2018,STE,morphological,deep_svdd,0.7187325905581431,0.05253718953929876,36.4,10
cpsc2018,STE,morphological,isolation_forest,0.6612481163570102,0.046209202004165825,36.4,10
cpsc2018,STE,morphological,lstm_ae,0.4875010321623819,0.045335203513997197,36.4,10
cpsc2018,STE,morphological,ocsvm,0.6962130142310053,0.040293923383405324,36.4,10
cpsc2018,STE,morphological,qts,0.6727295123172736,0.037257206924792854,36.4,10
cpsc2018,STE,morphological,thoc,0.5940575136930317,0.04366777328967122,36.4,10
cpsc2018,STE,morphological,tranad,0.6639478061530981,0.02951434808392457,36.4,10
cpsc2018,STE,morphological,usad,0.5763237657117377,0.03429256169684967,36.4,10
cpsc2018,STE,morphological,vae,0.5878745645396781,0.06773030412985773,36.4,10
ptbxl,CD,conduction,ae,0.5423115158610099,0.02162597970813464,745.7,10
ptbxl,CD,conduction,anomaly_transformer,0.5058025836524636,0.12061957147509143,745.7,10
ptbxl,CD,conduction,beatgan,0.5426032711959489,0.024109375568931064,745.7,10
ptbxl,CD,conduction,dagmm,0.6549072299103523,0.0820072702790849,745.7,10
ptbxl,CD,conduction,deep_svdd,0.8954267650137447,0.007173699418369982,745.7,10
ptbxl,CD,conduction,isolation_forest,0.6746629321812612,0.015050556416565398,745.7,10
ptbxl,CD,conduction,lstm_ae,0.3543986632942856,0.014947114881308579,745.7,10
ptbxl,CD,conduction,ocsvm,0.700928679127163,0.010135574689107313,745.7,10
ptbxl,CD,conduction,qts,0.9059843815468852,0.006363345461413044,745.7,10
ptbxl,CD,conduction,thoc,0.7227083053931923,0.04299008549714166,745.7,10
ptbxl,CD,conduction,tranad,0.8000793295611596,0.022458943703406793,745.7,10
ptbxl,CD,conduction,usad,0.7283649882006318,0.02342768428711811,745.7,10
ptbxl,CD,conduction,vae,0.8619426940677695,0.011098570425822324,745.7,10
ptbxl,HYP,morphological,ae,0.5253580839589906,0.02164139011535014,411.8,10
ptbxl,HYP,morphological,anomaly_transformer,0.4440498296751355,0.10179805332050815,411.8,10
ptbxl,HYP,morphological,beatgan,0.518393461506885,0.022800563443455643,411.8,10
ptbxl,HYP,morphological,dagmm,0.6138542701596942,0.051028313276438246,411.8,10
ptbxl,HYP,morphological,deep_svdd,0.8825373409280983,0.010451134804918355,411.8,10
ptbxl,HYP,morphological,isolation_forest,0.611726589507475,0.020658805009249163,411.8,10
ptbxl,HYP,morphological,lstm_ae,0.3757501317093757,0.018825486372098587,411.8,10
ptbxl,HYP,morphological,ocsvm,0.6661352278629047,0.01953416230956857,411.8,10
ptbxl,HYP,morphological,qts,0.8374370792179067,0.017180532647441363,411.8,10
ptbxl,HYP,morphological,thoc,0.6492355996058479,0.024975982506242052,411.8,10
ptbxl,HYP,morphological,tranad,0.74154896111009,0.042399186956513374,411.8,10
ptbxl,HYP,morphological,usad,0.6496560548370826,0.025089760412331092,411.8,10
ptbxl,HYP,morphological,vae,0.8039926740376719,0.014910093998730702,411.8,10
ptbxl,MI,morphological,ae,0.579924151011498,0.017511683894076494,836.0,10
ptbxl,MI,morphological,anomaly_transformer,0.49448837935337775,0.11600326301707613,836.0,10
ptbxl,MI,morphological,beatgan,0.5738909759721857,0.018427113376518683,836.0,10
ptbxl,MI,morphological,dagmm,0.6497460846290759,0.06812085114804621,836.0,10
ptbxl,MI,morphological,deep_svdd,0.9023731256763927,0.007641853693530798,836.0,10
ptbxl,MI,morphological,isolation_forest,0.6543889649365866,0.009141067931627566,836.0,10
ptbxl,MI,morphological,lstm_ae,0.42129992558624707,0.016514077425729974,836.0,10
ptbxl,MI,morphological,ocsvm,0.6833709033390385,0.004535937411718873,836.0,10
ptbxl,MI,morphological,qts,0.9098986274526938,0.0055400390185032095,836.0,10
ptbxl,MI,morphological,thoc,0.7000221658032061,0.05031339300571733,836.0,10
ptbxl,MI,morphological,tranad,0.7955355200120456,0.019006637285042125,836.0,10
ptbxl,MI,morphological,usad,0.7212665467878127,0.023505133634045886,836.0,10
ptbxl,MI,morphological,vae,0.8766907264047088,0.0070573775865346,836.0,10
ptbxl,STTC,morphological,ae,0.6175802482783013,0.020633750709582642,792.8,10
ptbxl,STTC,morphological,anomaly_transformer,0.44652838192284133,0.10838107075699072,792.8,10
ptbxl,STTC,morphological,beatgan,0.604303492460984,0.019510969149796272,792.8,10
ptbxl,STTC,morphological,dagmm,0.5888006999488861,0.051487051195644035,792.8,10
ptbxl,STTC,morphological,deep_svdd,0.9116472340666861,0.010875972431130882,792.8,10
ptbxl,STTC,morphological,isolation_forest,0.5902231419873684,0.013651026393222849,792.8,10
ptbxl,STTC,morphological,lstm_ae,0.4877022903747045,0.016309959223407798,792.8,10
ptbxl,STTC,morphological,ocsvm,0.6132911336573486,0.011874882390509427,792.8,10
ptbxl,STTC,morphological,qts,0.8550320960470723,0.010630606971035739,792.8,10
ptbxl,STTC,morphological,thoc,0.6223035090942358,0.02799472341900034,792.8,10
ptbxl,STTC,morphological,tranad,0.7393039680449613,0.04158751632030127,792.8,10
ptbxl,STTC,morphological,usad,0.7037754023088943,0.022572873357046042,792.8,10
ptbxl,STTC,morphological,vae,0.8364281911416945,0.0075743550045924545,792.8,10
