method,source,target,auroc_mean,auroc_std,n
deep_svdd,cpsc2018,cpsc2018,0.8240223468319119,0.014634723177095297,10
deep_svdd,cpsc2018,ptbxl,0.8794783046196025,0.006304042727275443,10
deep_svdd,ptbxl,cpsc2018,0.7952734545765389,0.025302811447397155,10
deep_svdd,ptbxl,ptbxl,0.8767797988868965,0.004866251596810202,10
qts,cpsc2018,cpsc2018,0.8399136779584421,0.010928407333521623,10
qts,cpsc2018,ptbxl,0.8835109097637582,0.005904320276144202,10
qts,ptbxl,cpsc2018,0.8034067266841263,0.015850063799746215,10
qts,ptbxl,ptbxl,0.8621435197999787,0.008134409562551237,10
vae,cpsc2018,cpsc2018,0.7276395700579416,0.15962236031912605,10
vae,cpsc2018,ptbxl,0.7249222547014614,0.15004333287904395,10
vae,ptbxl,cpsc2018,0.8055323487079974,0.013393197915283126,10
vae,ptbxl,ptbxl,0.8299238284874109,0.007865080699988442,10
